{
  "beep": [
    0,
    0.48108843537414964
  ],
  "button": [
    2,
    2.4290249433106577
  ],
  "click": [
    4,
    4.672018140589569
  ]
}
